--Esto estara exactamente en el mismo orden que el INSERT LUGAR.txt
-- La regla es los numeros de codigo del municipio mas 3 numeros en orden numerico.
-- Tambien esta ordenado segun el CNE.
--Enlace de la pagina CNE  http://www.cne.gov.ve/web/registro_electoral_descarga/abril2012/nacional.php?

--AMAZONAS

--Municipio: Alto Orinoco 
INSERT INTO LUGAR VALUES (101001,'La Esmeralda','Parroquia',101);
INSERT INTO LUGAR VALUES (101002,'Huachamacare','Parroquia',101);
INSERT INTO LUGAR VALUES (101003,'Marawaka','Parroquia',101);
INSERT INTO LUGAR VALUES (101004,'Mavaca','Parroquia',101);
INSERT INTO LUGAR VALUES (101005,'Sierra Parima','Parroquia',101);

--Municipio Atabapo
INSERT INTO LUGAR VALUES (102006,'San Fernando de Ataba','Parroquia',102);
INSERT INTO LUGAR VALUES (102007,'Caname','Parroquia',102);
INSERT INTO LUGAR VALUES (102008,'Ucata','Parroquia',102);
INSERT INTO LUGAR VALUES (102009,'Yapacana','Parroquia',102);

--Municipio Atures
INSERT INTO LUGAR VALUES (103010,'Fernando Giron Tovar','Parroquia',103);
INSERT INTO LUGAR VALUES (103011,'Luis Alberto Gomez','Parroquia',103);
INSERT INTO LUGAR VALUES (103012,'Parhuena','Parroquia',103);
INSERT INTO LUGAR VALUES (103013,'Platanillal','Parroquia',103);

--Municipio Autana
INSERT INTO LUGAR VALUES (104014,'Isla de Raton','Parroquia',104);
INSERT INTO LUGAR VALUES (104015,'Guayapo','Parroquia',104);
INSERT INTO LUGAR VALUES (104016,'Munduapo','Parroquia',104);
INSERT INTO LUGAR VALUES (104017,'Samariapo','Parroquia',104);
INSERT INTO LUGAR VALUES (104018,'Sipapo','Parroquia',104);

--Municipio Manariape
INSERT INTO LUGAR VALUES (105019,'San Juan de Manariape','Parroquia',105);
INSERT INTO LUGAR VALUES (105020,'Alto Ventuari','Parroquia',105);
INSERT INTO LUGAR VALUES (105021,'Bajo Ventuari','Parroquia',105);
INSERT INTO LUGAR VALUES (105022,'Medio Ventuari','Parroquia',105);

--Municipio Maroa
INSERT INTO LUGAR VALUES (106023,'Maroa','Parroquia',106);
INSERT INTO LUGAR VALUES (106024,'Comunidad','Parroquia',106);
INSERT INTO LUGAR VALUES (106025,'Victorino','Parroquia',106);

--Municipio Rio Negro
INSERT INTO LUGAR VALUES (107026,'San Carlos De Rio','Parroquia',107);
INSERT INTO LUGAR VALUES (107027,'Casiquiare','Parroquia',107);
INSERT INTO LUGAR VALUES (107028,'Cocuy','Parroquia',107);
INSERT INTO LUGAR VALUES (107029,'Solano','Parroquia',107);


--ANZOATEGUI

--Municipio Anaco
INSERT INTO LUGAR VALUES (208030,'Anaco','Parroquia',208);
INSERT INTO LUGAR VALUES (208031,'San Joaquin','Parroquia',208);

--Municipio Aragua
INSERT INTO LUGAR VALUES (209032,'Aragua de Barcelona','Parroquia',209);
INSERT INTO LUGAR VALUES (209033,'Cachipo','Parroquia',209);

--Municipio Bolivar
INSERT INTO LUGAR VALUES (210034,'Bergantin','Parroquia',210);
INSERT INTO LUGAR VALUES (210035,'Caigua','Parroquia',210);
INSERT INTO LUGAR VALUES (210036,'El Carmen','Parroquia',210);
INSERT INTO LUGAR VALUES (210037,'El Pilar','Parroquia',210);
INSERT INTO LUGAR VALUES (210038,'Naricual','Parroquia',210);
INSERT INTO LUGAR VALUES (210039,'San Cristobal','Parroquia',210);

--Municipio Bruzual
INSERT INTO LUGAR VALUES (211040,'Clarines','Parroquia',211);
INSERT INTO LUGAR VALUES (211041,'Guanape','Parroquia',211);
INSERT INTO LUGAR VALUES (211042,'Sabana de Uchire','Parroquia',211);

--Municipio Cajigal
INSERT INTO LUGAR VALUES (212043,'Onoto','Parroquia',212);
INSERT INTO LUGAR VALUES (212044,'San Pablo','Parroquia',212);

--Municipio Carvajal
INSERT INTO LUGAR VALUES (213045,'Santa Barbara','Parroquia',213);
INSERT INTO LUGAR VALUES (213046,'Valle Guanape','Parroquia',213);

--Municipio Diego
INSERT INTO LUGAR VALUES (214047,'El Morro','Parroquia',214);
INSERT INTO LUGAR VALUES (214048,'Lecherias','Parroquia',214);

--Municipio Freites
INSERT INTO LUGAR VALUES (215049,'Cantaura','Parroquia',215);
INSERT INTO LUGAR VALUES (215050,'Libertador','Parroquia',215);
INSERT INTO LUGAR VALUES (215051,'Santa Rosa','Parroquia',215);
INSERT INTO LUGAR VALUES (215052,'Urica','Parroquia',215);

--Municipio Guanipa
INSERT INTO LUGAR VALUES (216053,'Jose De Guanipa','Parroquia',216);

--Municipio Guanta
INSERT INTO LUGAR VALUES (217054,'Chorreron','Parroquia',217);
INSERT INTO LUGAR VALUES (217055,'Guanta','Parroquia',217);

--Municipio Independencia
INSERT INTO LUGAR VALUES (218056,'Soledad','Parroquia',218);
INSERT INTO LUGAR VALUES (218057,'Mamo','Parroquia',218);

--Municipio Libertad 
INSERT INTO LUGAR VALUES (219058,'San Mateo','Parroquia',219);
INSERT INTO LUGAR VALUES (219059,'El Carito','Parroquia',219);
INSERT INTO LUGAR VALUES (219060,'Santa Ines','Parroquia',219);

--Municipio McGregor
INSERT INTO LUGAR VALUES (220061,'El Chaparro','Parroquia',220);
INSERT INTO LUGAR VALUES (220062,'Tomas Alfaro Calatrava','Parroquia',220);

--Municipio Miranda
INSERT INTO LUGAR VALUES (221063,'Pariaguan','Parroquia',221);
INSERT INTO LUGAR VALUES (221064,'Atapirire','Parroquia',221);
INSERT INTO LUGAR VALUES (221065,'Boca del Pao','Parroquia',221);
INSERT INTO LUGAR VALUES (221066,'El Pao','Parroquia',221);

--Municipio Monagas
INSERT INTO LUGAR VALUES (222067,'Mapire','Parroquia',222);
INSERT INTO LUGAR VALUES (222068,'Piar','Parroquia',222);
INSERT INTO LUGAR VALUES (222069,'Santa Clara','Parroquia',222);
INSERT INTO LUGAR VALUES (222070,'San Diego de Cabrutica','Parroquia',222);
INSERT INTO LUGAR VALUES (222071,'Uverito','Parroquia',222);
INSERT INTO LUGAR VALUES (222072,'Zuata','Parroquia',222);

--Municipio Penalver
INSERT INTO LUGAR VALUES (223073,'Puerto Piritu','Parroquia',223);
INSERT INTO LUGAR VALUES (223074,'San Miguel','Parroquia',223);
INSERT INTO LUGAR VALUES (223075,'Sucre','Parroquia',223);

--Municipio Piritu
INSERT INTO LUGAR VALUES (224076,'Piritu','Parroquia',224);
INSERT INTO LUGAR VALUES (224077,'San Francisco','Parroquia',224);

--Municipio San juan de Capistrano
INSERT INTO LUGAR VALUES (225078,'Boca De Chavez','Parroquia',225);
INSERT INTO LUGAR VALUES (225079,'Boca De Uchire','Parroquia',225);

--Municipio Santa Ana 
INSERT INTO LUGAR VALUES (226080,'Pueblo Nuevo','Parroquia',226);
INSERT INTO LUGAR VALUES (226081,'Santa Ana','Parroquia',226);

--Municipio Simon Rodriguez
INSERT INTO LUGAR VALUES (227082,'El tigre','Parroquia',227);

--Municipio Sotillo
INSERT INTO LUGAR VALUES (228083,'Puerto La Cruz','Parroquia',228);
INSERT INTO LUGAR VALUES (228084,'Pozuelos','Parroquia',228);


-- APURE

--Municipio Achaguas
INSERT INTO LUGAR VALUES (329085,'Achaguas','Parroquia',329);
INSERT INTO LUGAR VALUES (329086,'Apurito','Parroquia',329);
INSERT INTO LUGAR VALUES (329087,'El Yagual','Parroquia',329);
INSERT INTO LUGAR VALUES (329088,'Guachara','Parroquia',329);
INSERT INTO LUGAR VALUES (329089,'Mucuritas','Parroquia',329);
INSERT INTO LUGAR VALUES (329090,'Queseras Del Medio','Parroquia',329);

--Municipio Biruaca 
INSERT INTO LUGAR VALUES (330091,'Biruaca','Parroquia',330);

--Municipio Munoz
INSERT INTO LUGAR VALUES (331092,'Bruzual','Parroquia',331);
INSERT INTO LUGAR VALUES (331093,'Mantecal','Parroquia',331);
INSERT INTO LUGAR VALUES (331094,'Quintero','Parroquia',331);
INSERT INTO LUGAR VALUES (331095,'Rincon Hondo','Parroquia',331);
INSERT INTO LUGAR VALUES (331096,'San Vicente','Parroquia',331);

--Municipio Paez
INSERT INTO LUGAR VALUES (332097,'Aramendi','Parroquia',332);
INSERT INTO LUGAR VALUES (332098,'El Amparo','Parroquia',332);
INSERT INTO LUGAR VALUES (332099,'Guasdualito','Parroquia',332);
INSERT INTO LUGAR VALUES (332100,'San Camilo','Parroquia',332);
INSERT INTO LUGAR VALUES (332101,'Urdaneta','Parroquia',332);

--Municipio Pedro Camejo
INSERT INTO LUGAR VALUES (333102,'Codazzi','Parroquia',333);
INSERT INTO LUGAR VALUES (333103,'Cunaviche','Parroquia',333);
INSERT INTO LUGAR VALUES (333104,'San Juan de Payara','Parroquia',333);

--Municipio Romulo Gallegos
INSERT INTO LUGAR VALUES (334105,'Elorza','Parroquia',334);
INSERT INTO LUGAR VALUES (334106,'La Trinidad','Parroquia',334);

--Municipio San Fernando
INSERT INTO LUGAR VALUES (335107,'El Recreo','Parroquia',335);
INSERT INTO LUGAR VALUES (335108,'Penalver','Parroquia',335);
INSERT INTO LUGAR VALUES (335109,'San Fernando','Parroquia',335);
INSERT INTO LUGAR VALUES (335110,'San Rafael de Atamaica','Parroquia',335);


-- ARAGUA

--Municipio Bolivar
INSERT INTO LUGAR VALUES (436111,'San Mateo','Parroquia',436);

--Municipio Camatagua
INSERT INTO LUGAR VALUES (437112,'Camatagua','Parroquia',437);
INSERT INTO LUGAR VALUES (437113,'Carmen de Cura','Parroquia',437);

--Municipio Francisco Linares Alcantara
INSERT INTO LUGAR VALUES (438114,'Santa Rita','Parroquia',438);
INSERT INTO LUGAR VALUES (438115,'Francisco de Miranda','Parroquia',438);
INSERT INTO LUGAR VALUES (438116,'Monsenor Feliciano','Parroquia',438);

--Municipio Girardot
INSERT INTO LUGAR VALUES (439117,'Andres Eloy Blanco','Parroquia',439);
INSERT INTO LUGAR VALUES (439118,'Choroni','Parroquia',439);
INSERT INTO LUGAR VALUES (439119,'Joaquin Crespo','Parroquia',439);
INSERT INTO LUGAR VALUES (439120,'Jose Casanova Godoy','Parroquia',439);
INSERT INTO LUGAR VALUES (439121,'Las Delicias','Parroquia',439);
INSERT INTO LUGAR VALUES (439122,'Los Tacariguas','Parroquia',439);
INSERT INTO LUGAR VALUES (439123,'Madre de San Jose','Parroquia',439);
INSERT INTO LUGAR VALUES (439124,'Pedro Jose Ovalles','Parroquia',439);

--Municipio Jose Angel Lamas
INSERT INTO LUGAR VALUES (440125,'Santa Cruz','Parroquia',440);

--Municipio Jose Felix Rivas
INSERT INTO LUGAR VALUES (441126,'Juan Vicente Bolivar','Parroquia',441);
INSERT INTO LUGAR VALUES (441127,'Castor Nieves Rios','Parroquia',441);
INSERT INTO LUGAR VALUES (441128,'Las Guacamayas','Parroquia',441);
INSERT INTO LUGAR VALUES (441129,'Pao de Zarate','Parroquia',441);
INSERT INTO LUGAR VALUES (441130,'Zuata','Parroquia',441);

--Municipio Jose Rafael Revenga
INSERT INTO LUGAR VALUES (442131,'El Consejo','Parroquia',442);

--Municipio Libertador
INSERT INTO LUGAR VALUES (443132,'Palo Negro','Parroquia',443);
INSERT INTO LUGAR VALUES (443133,'San Martin de Porres','Parroquia',443);

--Municipio Mario Briceño Iragorry
INSERT INTO LUGAR VALUES (444134,'El Limon','Parroquia',444);
INSERT INTO LUGAR VALUES (444135,'Ca A de Azucar','Parroquia',444);

--Municipio Ocumare de la costa de Oro
INSERT INTO LUGAR VALUES (445136,'Ocumare de la Costa','Parroquia',445);

--Municipio San Casimiro
INSERT INTO LUGAR VALUES (446137,'San Casimiro','Parroquia',446);
INSERT INTO LUGAR VALUES (446138,'Guiripa','Parroquia',446);
INSERT INTO LUGAR VALUES (446139,'Ollas de Caramacate','Parroquia',446);
INSERT INTO LUGAR VALUES (446140,'Valle Morin','Parroquia',446);

--Municipio San Sebastian
INSERT INTO LUGAR VALUES (447141,'San Sebastian','Parroquia',447);

--Municipio Santiago Marino
INSERT INTO LUGAR VALUES (448142,'Turmero','Parroquia',448);
INSERT INTO LUGAR VALUES (448143,'Alfredo Pacheco','Parroquia',448);
INSERT INTO LUGAR VALUES (448144,'Arevalo Ponte','Parroquia',448);
INSERT INTO LUGAR VALUES (448145,'Chuao','Parroquia',448);
INSERT INTO LUGAR VALUES (448146,'Saman de Guere','Parroquia',448);

--Municipio Santos Michelena
INSERT INTO LUGAR VALUES (449147,'Las Tejerias','Parroquia',449);
INSERT INTO LUGAR VALUES (449148,'Tiara','Parroquia',449);

--Municipio Sucre
INSERT INTO LUGAR VALUES (450149,'Cagua','Parroquia',450);
INSERT INTO LUGAR VALUES (450150,'Bella Vista','Parroquia',450);

--Municipio Tovar
INSERT INTO LUGAR VALUES (451151,'Colonia Tovar','Parroquia',451);

--Municipio Urdaneta
INSERT INTO LUGAR VALUES (452152,'Barbacoas','Parroquia',452);
INSERT INTO LUGAR VALUES (452153,'Las Peñitas','Parroquia',452);
INSERT INTO LUGAR VALUES (452154,'San Francisco de Cara','Parroquia',452);
INSERT INTO LUGAR VALUES (452155,'Taguay','Parroquia',452);

--Municipio Zamora
INSERT INTO LUGAR VALUES (453156,'Villa de Cura','Parroquia',453);
INSERT INTO LUGAR VALUES (453157,'Magdaleno','Parroquia',453);
INSERT INTO LUGAR VALUES (453158,'Augusto Mijares','Parroquia',453);
INSERT INTO LUGAR VALUES (453159,'San Francisco de Asis','Parroquia',453);
INSERT INTO LUGAR VALUES (453160,'Valles de Tucutunemo','Parroquia',453);


-- BARINAS 

--Municipio Alberto Arvelo Torrealba
INSERT INTO LUGAR VALUES (554161,'Rodriguez Dominguez','Parroquia',554);
INSERT INTO LUGAR VALUES (554162,'Sabaneta','Parroquia',554);

--Municipio Andres Eloy Blanco
INSERT INTO LUGAR VALUES (555163,'El Canton','Parroquia',555);
INSERT INTO LUGAR VALUES (555164,'Puerto Vivas','Parroquia',555);
INSERT INTO LUGAR VALUES (555165,'Santa Cruz de Guacas','Parroquia',555);

--Municipio Antonio Jose de Sucre
INSERT INTO LUGAR VALUES (556166,'Andres Bello','Parroquia',556);
INSERT INTO LUGAR VALUES (556167,'Nicolas Pulido','Parroquia',556);
INSERT INTO LUGAR VALUES (556168,'Ticoporo','Parroquia',556);

--Municipio Arismendi
INSERT INTO LUGAR VALUES (557169,'Arismendi','Parroquia',557);
INSERT INTO LUGAR VALUES (557170,'Guadarrama','Parroquia',557);
INSERT INTO LUGAR VALUES (557171,'La Union','Parroquia',557);
INSERT INTO LUGAR VALUES (557172,'San Antonio','Parroquia',557);

--Municipio Barinas
INSERT INTO LUGAR VALUES (558173,'Alfredo A Larriva','Parroquia',558);
INSERT INTO LUGAR VALUES (558174,'Alto Barinas','Parroquia',558);
INSERT INTO LUGAR VALUES (558175,'Barinas','Parroquia',558);
INSERT INTO LUGAR VALUES (558176,'Corazon De Jesus','Parroquia',558);
INSERT INTO LUGAR VALUES (558177,'Dominga Ortiz P','Parroquia',558);
INSERT INTO LUGAR VALUES (558178,'El Carmen','Parroquia',558);
INSERT INTO LUGAR VALUES (558179,'Juan A Rodriguez D','Parroquia',558);
INSERT INTO LUGAR VALUES (558180,'Manuel P Fajardo','Parroquia',558);
INSERT INTO LUGAR VALUES (558181,'Ramon I Mendez','Parroquia',558);
INSERT INTO LUGAR VALUES (558182,'Romulo Betancourt','Parroquia',558);
INSERT INTO LUGAR VALUES (558183,'San Silvestre','Parroquia',558);
INSERT INTO LUGAR VALUES (558184,'Santa Ines','Parroquia',558);
INSERT INTO LUGAR VALUES (558185,'Santa Lucia','Parroquia',558);
INSERT INTO LUGAR VALUES (558186,'Torunos','Parroquia',558);

--Municipio Bolivar
INSERT INTO LUGAR VALUES (559187,'Altamira','Parroquia',559);
INSERT INTO LUGAR VALUES (559188,'Barinitas','Parroquia',559);
INSERT INTO LUGAR VALUES (559189,'Calderas','Parroquia',559);

--Municipio Cruz Paredes
INSERT INTO LUGAR VALUES (560190,'Barrancas','Parroquia',560);
INSERT INTO LUGAR VALUES (560191,'El Socorro','Parroquia',560);
INSERT INTO LUGAR VALUES (560192,'Masparrito','Parroquia',560);

--Municipio Ezequiel Zamora
INSERT INTO LUGAR VALUES (561193,'Jose Ignacio Del Pumar','Parroquia',561);
INSERT INTO LUGAR VALUES (561194,'Pedro Briceño Mendez','Parroquia',561);
INSERT INTO LUGAR VALUES (561195,'Ramon Ignacio Mendez','Parroquia',561);
INSERT INTO LUGAR VALUES (561196,'Santa Barbara','Parroquia',561);

--Municipio Obispos
INSERT INTO LUGAR VALUES (562197,'El Real','Parroquia',562);
INSERT INTO LUGAR VALUES (562198,'La Luz','Parroquia',562);
INSERT INTO LUGAR VALUES (562199,'Los Guasamitos','Parroquia',562);
INSERT INTO LUGAR VALUES (562200,'Obispos','Parroquia',562);

--Municipio Pedraza
INSERT INTO LUGAR VALUES (563201,'Ciudad Bolivia','Parroquia',563);
INSERT INTO LUGAR VALUES (563202,'Ignacio Briceño','Parroquia',563);
INSERT INTO LUGAR VALUES (563203,'Jose Felix Ribas','Parroquia',563);
INSERT INTO LUGAR VALUES (563204,'Paez','Parroquia',563);

--Municipio Rojas
INSERT INTO LUGAR VALUES (564205,'Dolores','Parroquia',564);
INSERT INTO LUGAR VALUES (564206,'Libertad','Parroquia',564);
INSERT INTO LUGAR VALUES (564207,'Palacio Fajardo','Parroquia',564);
INSERT INTO LUGAR VALUES (564208,'Santa Rosa','Parroquia',564);
INSERT INTO LUGAR VALUES (564209,'Simon Rodriguez','Parroquia',564);

--Municipio Sosa 
INSERT INTO LUGAR VALUES (565210,'Ciudad De Nutrias','Parroquia',565);
INSERT INTO LUGAR VALUES (565211,'El Regalo','Parroquia',565);
INSERT INTO LUGAR VALUES (565212,'Puerto De Nutrias','Parroquia',565);
INSERT INTO LUGAR VALUES (565213,'Santa Catalina','Parroquia',565);
INSERT INTO LUGAR VALUES (565214,'Simon Bolivar','Parroquia',565);




-- BOLIVAR

--Municipio Caroni
INSERT INTO LUGAR VALUES (666215,'Cachamay','Parroquia',666);
INSERT INTO LUGAR VALUES (666216,'Chirica','Parroquia',666);
INSERT INTO LUGAR VALUES (666217,'Dalla Costa','Parroquia',666);
INSERT INTO LUGAR VALUES (666218,'Once De Abril','Parroquia',666);
INSERT INTO LUGAR VALUES (666219,'Pozo Verde','Parroquia',666);
INSERT INTO LUGAR VALUES (666220,'Simon Bolivar','Parroquia',666);
INSERT INTO LUGAR VALUES (666221,'Unare','Parroquia',666);
INSERT INTO LUGAR VALUES (666222,'Universidad','Parroquia',666);
INSERT INTO LUGAR VALUES (666223,'Vista Al Sol','Parroquia',666);
INSERT INTO LUGAR VALUES (666224,'Yocoima','Parroquia',666);

--Municipio Cedeño
INSERT INTO LUGAR VALUES (667225,'Caicara Del Orinoco','Parroquia',667);
INSERT INTO LUGAR VALUES (667226,'Altagracia','Parroquia',667);
INSERT INTO LUGAR VALUES (667227,'Ascension Farreras','Parroquia',667);
INSERT INTO LUGAR VALUES (667228,'Guaniamo','Parroquia',667);
INSERT INTO LUGAR VALUES (667229,'La Urbana','Parroquia',667);
INSERT INTO LUGAR VALUES (667230,'Pijiguaos','Parroquia',667);

--Municipio El Callao
INSERT INTO LUGAR VALUES (668231,'El Callao','Parroquia',668);

--Municipio Gran Sabana
INSERT INTO LUGAR VALUES (669232,'Santa Elena de Uairen','Parroquia',669);
INSERT INTO LUGAR VALUES (669233,'Ikabaru','Parroquia',669);

--Municipio Heres
INSERT INTO LUGAR VALUES (670234,'Agua Salada','Parroquia',670);
INSERT INTO LUGAR VALUES (670235,'Catedral','Parroquia',670);
INSERT INTO LUGAR VALUES (670236,'Jose Antonio Paez','Parroquia',670);
INSERT INTO LUGAR VALUES (670237,'La Sabanita','Parroquia',670);
INSERT INTO LUGAR VALUES (670238,'Marhuanta','Parroquia',670);
INSERT INTO LUGAR VALUES (670239,'Orinoco','Parroquia',670);
INSERT INTO LUGAR VALUES (670240,'Panapana','Parroquia',670);
INSERT INTO LUGAR VALUES (670241,'Vista Hermosa','Parroquia',670);
INSERT INTO LUGAR VALUES (670242,'Zea','Parroquia',670);

--Municipio Piar
INSERT INTO LUGAR VALUES (671243,'Upata','Parroquia',671);
INSERT INTO LUGAR VALUES (671244,'Andres Eloy Blanco','Parroquia',671);
INSERT INTO LUGAR VALUES (671245,'Pedro Cova','Parroquia',671);

--Municipio Angostura
INSERT INTO LUGAR VALUES (672246,'Ciudad Piar','Parroquia',672);
INSERT INTO LUGAR VALUES (672247,'Barceloneta','Parroquia',672);
INSERT INTO LUGAR VALUES (672248,'San Francisco','Parroquia',672);
INSERT INTO LUGAR VALUES (672249,'Santa Barbara','Parroquia',672);

--Municipio Roscio
INSERT INTO LUGAR VALUES (673250,'Guasipati','Parroquia',673);
INSERT INTO LUGAR VALUES (673251,'Salom','Parroquia',673);

--Municipio Sifontes
INSERT INTO LUGAR VALUES (674252,'Tumeremo','Parroquia',674);
INSERT INTO LUGAR VALUES (674253,'Dalla Costa','Parroquia',674);
INSERT INTO LUGAR VALUES (674254,'San Isidro','Parroquia',674);

--Municipio Sucre
INSERT INTO LUGAR VALUES (675255,'Maripa','Parroquia',675);
INSERT INTO LUGAR VALUES (675256,'Aripao','Parroquia',675);
INSERT INTO LUGAR VALUES (675257,'Guarataro','Parroquia',675);
INSERT INTO LUGAR VALUES (675258,'Las Majadas','Parroquia',675);
INSERT INTO LUGAR VALUES (675259,'Moitaco','Parroquia',675);

--Municipio  Padre Pedro Chen
INSERT INTO LUGAR VALUES (676260,'El Palmar','Parroquia',676);


-- CARABOBO

--Municipio Bejuma 
INSERT INTO LUGAR VALUES (777261,'Bejuma','Parroquia',777);
INSERT INTO LUGAR VALUES (777262,'Canoabo','Parroquia',777);
INSERT INTO LUGAR VALUES (777263,'Simon Bolivar','Parroquia',777);

--Municipio Carlos Arvelo
INSERT INTO LUGAR VALUES (778264,'Belen','Parroquia',778);
INSERT INTO LUGAR VALUES (778265,'Guigue','Parroquia',778);
INSERT INTO LUGAR VALUES (778266,'Tacarigua','Parroquia',778);

--Municipio Diego Ibarra
INSERT INTO LUGAR VALUES (779267,'Aguas Calientes','Parroquia',779);
INSERT INTO LUGAR VALUES (779268,'Mariara','Parroquia',779);

--Municipio Guacara
INSERT INTO LUGAR VALUES (780269,'Ciudad Alianza','Parroquia',780);
INSERT INTO LUGAR VALUES (780270,'Guacara','Parroquia',780);
INSERT INTO LUGAR VALUES (780271,'Yagua','Parroquia',780);

--Municipio Juan Jose Mora
INSERT INTO LUGAR VALUES (781272,'Moron','Parroquia',781);
INSERT INTO LUGAR VALUES (781273,'Urama','Parroquia',781);

--Municipio Libertador
INSERT INTO LUGAR VALUES (782274,'Independencia','Parroquia',782);
INSERT INTO LUGAR VALUES (782275,'Tocuyito','Parroquia',782);

--Municipio Los Guayos
INSERT INTO LUGAR VALUES (783276,'Los Guayos','Parroquia',783);

--Municipio Miranda
INSERT INTO LUGAR VALUES (784277,'Miranda','Parroquia',784);

--Municipio Montalban
INSERT INTO LUGAR VALUES (785278,'Montalban','Parroquia',785);

--Municipio Naguanagua
INSERT INTO LUGAR VALUES (786279,'Naguanagua','Parroquia',786);

--Municipio Puerto Cabello
INSERT INTO LUGAR VALUES (787280,'Bartolome Salom','Parroquia',787);
INSERT INTO LUGAR VALUES (787281,'Borburata','Parroquia',787);
INSERT INTO LUGAR VALUES (787282,'Democracia','Parroquia',787);
INSERT INTO LUGAR VALUES (787283,'Fraternidad','Parroquia',787);
INSERT INTO LUGAR VALUES (787284,'Goaigoaza','Parroquia',787);
INSERT INTO LUGAR VALUES (787285,'Juan Jose Flores','Parroquia',787);
INSERT INTO LUGAR VALUES (787286,'Patanemo','Parroquia',787);
INSERT INTO LUGAR VALUES (787287,'Union','Parroquia',787);

--Municipio  San diego
INSERT INTO LUGAR VALUES (788288,'Urb San Diego','Parroquia',788);

--Municipio San Joaquin
INSERT INTO LUGAR VALUES (789289,'San Joaquin','Parroquia',789);

--Municipio Valencia
INSERT INTO LUGAR VALUES (790290,'Candelaria','Parroquia',790);
INSERT INTO LUGAR VALUES (790291,'Catedral','Parroquia',790);
INSERT INTO LUGAR VALUES (790292,'El Socorro','Parroquia',790);
INSERT INTO LUGAR VALUES (790293,'Miguel Peña','Parroquia',790);
INSERT INTO LUGAR VALUES (790294,'Negro Primero','Parroquia',790);
INSERT INTO LUGAR VALUES (790295,'Rafael Urdaneta','Parroquia',790);
INSERT INTO LUGAR VALUES (790296,'San Blas','Parroquia',790);
INSERT INTO LUGAR VALUES (790297,'San Jose','Parroquia',790);
INSERT INTO LUGAR VALUES (790298,'Santa Rosa','Parroquia',790);



--COJEDES

--Municipio Anzoategui
INSERT INTO LUGAR VALUES (891299,'Cojedes','Parroquia',891);
INSERT INTO LUGAR VALUES (891300,'Juan De Mata Suarez','Parroquia',891);

--Municipio Tinaco
INSERT INTO LUGAR VALUES (892301,'GRL/Jefe Jose L Silva','Parroquia',892);

--Municipio Girardot
INSERT INTO LUGAR VALUES (893302,'El Baul','Parroquia',893);
INSERT INTO LUGAR VALUES (893303,'Sucre','Parroquia',893);

--Municipio Lima Blanco
INSERT INTO LUGAR VALUES (894304,'La Aguadita','Parroquia',894);
INSERT INTO LUGAR VALUES (894305,'Macapo','Parroquia',894);

--Municipio Pao de San Juan Bautista
INSERT INTO LUGAR VALUES (895306,'El Pao','Parroquia',895);

--Municipio Ricaurte
INSERT INTO LUGAR VALUES (896307,'El Amparo','Parroquia',896);
INSERT INTO LUGAR VALUES (896308,'Libertad de Cojedes','Parroquia',896);

--Municipio Romulo
INSERT INTO LUGAR VALUES (897309,'Romulo','Parroquia',897);

--Municipio Tinaquillo
INSERT INTO LUGAR VALUES (898310,'Tinaquillo','Parroquia',898);

--Municipio Ezequiel Zamora
INSERT INTO LUGAR VALUES (899311,'Juan Angel Bravo','Parroquia',899);
INSERT INTO LUGAR VALUES (899312,'Manuel Manrique','Parroquia',899);
INSERT INTO LUGAR VALUES (899313,'San Carlos de Austria','Parroquia',899);


--DELTA AMACURO

--Municipio Antonio Diaz
INSERT INTO LUGAR VALUES (9100314,'Almirante Luis Brion','Parroquia',9100);
INSERT INTO LUGAR VALUES (9100315,'Aniceto Lugo','Parroquia',9100);
INSERT INTO LUGAR VALUES (9100316,'Curiapo','Parroquia',9100);
INSERT INTO LUGAR VALUES (9100317,'Manuel Renaud','Parroquia',9100);
INSERT INTO LUGAR VALUES (9100318,'Padre Barral','Parroquia',9100);
INSERT INTO LUGAR VALUES (9100319,'Santos De Abelgas','Parroquia',9100);

--Municipio Casacoima
INSERT INTO LUGAR VALUES (9101320,'5 De Julio','Parroquia',9101);
INSERT INTO LUGAR VALUES (9101321,'Imataca','Parroquia',9101);
INSERT INTO LUGAR VALUES (9101322,'Juan Bautista Arismen','Parroquia',9101);
INSERT INTO LUGAR VALUES (9101323,'Manuel Piar','Parroquia',9101);
INSERT INTO LUGAR VALUES (9101324,'Romulo Gallegos','Parroquia',9101);

--Municipio Pedernales
INSERT INTO LUGAR VALUES (9102325,'Luis B Prieto Figuero','Parroquia',9102);
INSERT INTO LUGAR VALUES (9102326,'Pedernales','Parroquia',9102);

--Municipio Tucupita
INSERT INTO LUGAR VALUES (9103327,'Jose Vidal Marcano','Parroquia',9103);
INSERT INTO LUGAR VALUES (9103328,'Juan Millan','Parroquia',9103);
INSERT INTO LUGAR VALUES (9103329,'Leonardo Ruiz Pineda','Parroquia',9103);
INSERT INTO LUGAR VALUES (9103330,'Antonio Jose de Sucre','Parroquia',9103);
INSERT INTO LUGAR VALUES (9103331,'Monsenor Argimiro','Parroquia',9103);
INSERT INTO LUGAR VALUES (9103332,'San Jose','Parroquia',9103);
INSERT INTO LUGAR VALUES (9103333,'San Rafael','Parroquia',9103);
INSERT INTO LUGAR VALUES (9103334,'Virgen Del Valle','Parroquia',9103);



--DISTRITO CAPITAL 

--Municipio Libertador
INSERT INTO LUGAR VALUES (10104335,'23 de Enero','Parroquia',10104);
INSERT INTO LUGAR VALUES (10104336,'Altagracia','Parroquia',10104);
INSERT INTO LUGAR VALUES (10104337,'Antimano','Parroquia',10104);
INSERT INTO LUGAR VALUES (10104338,'Candelaria','Parroquia',10104);
INSERT INTO LUGAR VALUES (10104339,'Caricuao','Parroquia',10104);
INSERT INTO LUGAR VALUES (10104340,'Catedral','Parroquia',10104);
INSERT INTO LUGAR VALUES (10104341,'Coche','Parroquia',10104);
INSERT INTO LUGAR VALUES (10104342,'El Junquito','Parroquia',10104);
INSERT INTO LUGAR VALUES (10104343,'El Paraiso','Parroquia',10104);
INSERT INTO LUGAR VALUES (10104344,'El Recreo','Parroquia',10104);
INSERT INTO LUGAR VALUES (10104345,'El Valle','Parroquia',10104);
INSERT INTO LUGAR VALUES (10104346,'La Pastora','Parroquia',10104);
INSERT INTO LUGAR VALUES (10104347,'La Vega','Parroquia',10104);
INSERT INTO LUGAR VALUES (10104348,'Macarao','Parroquia',10104);
INSERT INTO LUGAR VALUES (10104349,'San Agustin','Parroquia',10104);
INSERT INTO LUGAR VALUES (10104350,'San Bernardino','Parroquia',10104);
INSERT INTO LUGAR VALUES (10104351,'San Jose','Parroquia',10104);
INSERT INTO LUGAR VALUES (10104352,'San Juan','Parroquia',10104);
INSERT INTO LUGAR VALUES (10104353,'San Pedro','Parroquia',10104);
INSERT INTO LUGAR VALUES (10104354,'Santa Rosalia','Parroquia',10104);
INSERT INTO LUGAR VALUES (10104355,'Santa Teresa','Parroquia',10104);
INSERT INTO LUGAR VALUES (10104356,'Sucre','Parroquia',10104);

--TERMINA LA PARTE DE GUSTAVO

--Vargas 

--MUNICIPIO VARGAS
INSERT INTO LUGAR VALUES (22300001,'Caraballeda','Parroquia',22300);
INSERT INTO LUGAR VALUES (22300002,'Carayaca','Parroquia',22300);
INSERT INTO LUGAR VALUES (22300003,'Carlos Soublette','Parroquia',22300);
INSERT INTO LUGAR VALUES (22300004,'Caruao','Parroquia',22300);
INSERT INTO LUGAR VALUES (22300005,'Catia la mar','Parroquia',22300);
INSERT INTO LUGAR VALUES (22300006,'El junko','Parroquia',22300);
INSERT INTO LUGAR VALUES (22300007,'La Guaira','Parroquia',22300);
INSERT INTO LUGAR VALUES (22300008,'Macuto','Parroquia',22300);
INSERT INTO LUGAR VALUES (22300009,'Maiquetia','Parroquia',22300);
INSERT INTO LUGAR VALUES (22300010,'Naiguata','Parroquia',22300);
INSERT INTO LUGAR VALUES (22300011,'Urimare','Parroquia',22300);





